<?xml version="1.0" encoding="UTF-8" standalone="yes"?>
<ns2:ExportManifest xmlns:ns2="http://www.pentaho.com/schema/">
    <ExportManifestInformation exportDate="29-06-2017 02:59:54 UTC" exportBy="admin" rootFolder="/public/" manifestVersion="2"/>
    <ExportManifestEntity path="Contract.cda">
        <ExportManifestProperty>
            <EntityMetaData name="Contract.cda" createdDate="2017-06-29T14:46:32.872Z" isFolder="false" path="Contract.cda" isHidden="false" isSchedulable="true" locale="en_US" title="Contract.cda"/>
        </ExportManifestProperty>
        <ExportManifestProperty>
            <EntityAcl>
                <entriesInheriting>true</entriesInheriting>
                <owner>admin</owner>
                <ownerType>USER</ownerType>
            </EntityAcl>
        </ExportManifestProperty>
    </ExportManifestEntity>
</ns2:ExportManifest>
