<?xml version="1.0" encoding="UTF-8" standalone="yes"?>
<ns2:ExportManifest xmlns:ns2="http://www.pentaho.com/schema/">
    <ExportManifestInformation exportDate="29-06-2017 02:56:46 UTC" exportBy="admin" rootFolder="/public/" manifestVersion="2"/>
    <ExportManifestEntity path="Contract.wcdf">
        <ExportManifestProperty>
            <EntityMetaData name="Contract.wcdf" createdDate="2017-06-29T14:39:19.840Z" isFolder="false" path="Contract.wcdf" isHidden="false" isSchedulable="true" locale="en_US" description="Contract" title="Product_sales"/>
        </ExportManifestProperty>
        <ExportManifestProperty>
            <EntityAcl>
                <entriesInheriting>true</entriesInheriting>
                <owner>admin</owner>
                <ownerType>USER</ownerType>
            </EntityAcl>
        </ExportManifestProperty>
    </ExportManifestEntity>
</ns2:ExportManifest>
